{
  "kn_bag-BR01": {
    "own:ori_prob": 3.264613923490218e-05,
    "rm_own:ave_delta": -2.8531952289435697e-05,
    "rm_own:ave_delta_ratio": -0.8739763095457248,
    "eh_own:ave_delta": 0.00020753528270198821,
    "eh_own:ave_delta_ratio": 6.357115651829084,
    "oth:ori_prob": 3.0718013553828666e-05,
    "rm_oth:ave_delta": -2.2439767015804626e-05,
    "rm_oth:ave_delta_ratio": -0.7305084027156357,
    "eh_oth:ave_delta": 0.00015676836527955647,
    "eh_oth:ave_delta_ratio": 5.10346689589298,
    "time": 105.87464179999915
  },
  "kn_bag-BR02": {
    "own:ori_prob": 3.602429228016667e-05,
    "rm_own:ave_delta": -3.191736372375292e-05,
    "rm_own:ave_delta_ratio": -0.8859955797473129,
    "eh_own:ave_delta": 0.000258439607294147,
    "eh_own:ave_delta_ratio": 7.174037043787591,
    "oth:ori_prob": 3.008274722459545e-05,
    "rm_oth:ave_delta": -2.4237744449540816e-05,
    "rm_oth:ave_delta_ratio": -0.8057024934785278,
    "eh_oth:ave_delta": 0.00018133797765484714,
    "eh_oth:ave_delta_ratio": 6.027972654923831,
    "time": 68.8461931999991
  },
  "kn_bag-BR03": {
    "own:ori_prob": 2.5511038392783077e-05,
    "rm_own:ave_delta": -2.130197370134549e-05,
    "rm_own:ave_delta_ratio": -0.8350100600911523,
    "eh_own:ave_delta": 0.00013751421456888264,
    "eh_own:ave_delta_ratio": 5.390380918707904,
    "oth:ori_prob": 3.2281793667580405e-05,
    "rm_oth:ave_delta": -8.078577692604895e-06,
    "rm_oth:ave_delta_ratio": -0.2502518223055851,
    "eh_oth:ave_delta": 4.077232457023969e-05,
    "eh_oth:ave_delta_ratio": 1.2630129846590916,
    "time": 154.57356170000094
  },
  "kn_bag-BR04": {
    "own:ori_prob": 3.123009251570664e-05,
    "rm_own:ave_delta": -2.7975461452952583e-05,
    "rm_own:ave_delta_ratio": -0.8957854171864141,
    "eh_own:ave_delta": 0.00026685757634584747,
    "eh_own:ave_delta_ratio": 8.544885872868806,
    "oth:ori_prob": 3.108476017543927e-05,
    "rm_oth:ave_delta": -2.497943611622701e-05,
    "rm_oth:ave_delta_ratio": -0.8035910837093668,
    "eh_oth:ave_delta": 0.00021162217553828957,
    "eh_oth:ave_delta_ratio": 6.807907615947983,
    "time": 206.66166370000064
  },
  "kn_bag-BR05": {
    "own:ori_prob": 2.964020446233917e-05,
    "rm_own:ave_delta": -2.7174762479262428e-05,
    "rm_own:ave_delta_ratio": -0.916821019699465,
    "eh_own:ave_delta": 0.0003029126972396625,
    "eh_own:ave_delta_ratio": 10.219656130393542,
    "oth:ori_prob": 3.234935164800845e-05,
    "rm_oth:ave_delta": -2.718704092876578e-05,
    "rm_oth:ave_delta_ratio": -0.8404199634226522,
    "eh_oth:ave_delta": 0.00026169838563146186,
    "eh_oth:ave_delta_ratio": 8.089756743164063,
    "time": 83.22014250000029
  },
  "kn_bag-BR06": {
    "own:ori_prob": 3.3541717834280694e-05,
    "rm_own:ave_delta": -2.9423933311720303e-05,
    "rm_own:ave_delta_ratio": -0.8772339406435563,
    "eh_own:ave_delta": 0.00020934127347866816,
    "eh_own:ave_delta_ratio": 6.24122099270404,
    "oth:ori_prob": 3.0956522073021085e-05,
    "rm_oth:ave_delta": -2.494634062103333e-05,
    "rm_oth:ave_delta_ratio": -0.8058508821562456,
    "eh_oth:ave_delta": 0.0001662055512556853,
    "eh_oth:ave_delta_ratio": 5.368999491080914,
    "time": 559.3621339000001
  },
  "kn_bag-BR07": {
    "own:ori_prob": 3.001353473559612e-05,
    "rm_own:ave_delta": -2.7446661580684798e-05,
    "rm_own:ave_delta_ratio": -0.9144761462612064,
    "eh_own:ave_delta": 0.0002926303325597125,
    "eh_own:ave_delta_ratio": 9.749945654106922,
    "oth:ori_prob": 3.066783689557772e-05,
    "rm_oth:ave_delta": -2.4888894191907967e-05,
    "rm_oth:ave_delta_ratio": -0.8115634068569383,
    "eh_oth:ave_delta": 0.00023846818716400717,
    "eh_oth:ave_delta_ratio": 7.775839814721138,
    "time": 156.78966310000033
  },
  "kn_bag-BR08": {
    "own:ori_prob": 3.0402916462872572e-05,
    "rm_own:ave_delta": -2.7708868233625813e-05,
    "rm_own:ave_delta_ratio": -0.9113884935171704,
    "eh_own:ave_delta": 0.00028581047804506784,
    "eh_own:ave_delta_ratio": 9.400758588212872,
    "oth:ori_prob": 3.0801348360770276e-05,
    "rm_oth:ave_delta": -2.6434091262742116e-05,
    "rm_oth:ave_delta_ratio": -0.8582121455568985,
    "eh_oth:ave_delta": 0.00024721938045051784,
    "eh_oth:ave_delta_ratio": 8.026251888549966,
    "time": 110.26903700000003
  },
  "kn_bag-BR09": {
    "own:ori_prob": 3.0606102273265735e-05,
    "rm_own:ave_delta": -2.800214819314663e-05,
    "rm_own:ave_delta_ratio": -0.914920428061379,
    "eh_own:ave_delta": 0.00030293437939690195,
    "eh_own:ave_delta_ratio": 9.897842485533138,
    "oth:ori_prob": 3.160862436370085e-05,
    "rm_oth:ave_delta": -2.6075920551095675e-05,
    "rm_oth:ave_delta_ratio": -0.8249622081320661,
    "eh_oth:ave_delta": 0.0002497278956021936,
    "eh_oth:ave_delta_ratio": 7.900625244829685,
    "time": 184.4295248999988
  }
}