relation,original_accuracy,erased_accuracy,erased_ratio_accuracy,num_kn_rel,original_ppl,erased_ppl,ppl_increase_ratio,other_original_accuracy,other_erased_accuracy,other_erased_ratio_accuracy,other_original_ppl,other_erased_ppl,other_ppl_increase_ratio,time
BR01,0.0,0.0,0.0,20,57075.2135,99827.8636,0.7491,0.0,0.0,0.0,48543.546,85348.4315,0.7582,466.88321500000166
BR02,0.0,0.0,0.0,16,29018.2269,63093.9901,1.1743,0.0,0.0,0.0,50254.9796,84551.5988,0.6825,474.41629719999764
BR03,0.0,0.0,0.0,20,179603.5404,261290.7546,0.4548,0.0,0.0,0.0,42508.1428,59053.7772,0.3892,489.1733787999983
BR04,0.0,0.0,0.0,20,54487.0036,103898.5627,0.9069,0.0,0.0,0.0,48324.5301,100757.5719,1.085,475.3043833000047
BR05,0.0,0.0,0.0,19,39758.7375,94655.1377,1.3807,0.0,0.0,0.0,49583.9243,100277.5332,1.0224,464.7911546999967
BR06,0.0,0.0,0.0,20,37405.7452,101987.9477,1.7265,0.0,0.0,0.0,56863.6833,103928.4059,0.8277,477.9008554000029
BR07,0.0,0.0,0.0,20,42867.6264,83043.745,0.9372,0.0,0.0,0.0,49725.9398,88088.3672,0.7715,469.6526184999966
BR08,0.0,0.0,0.0,20,43279.5716,110537.8817,1.554,0.0,0.0,0.0,49469.3282,98830.3285,0.9978,483.7420753000042
BR09,0.0,0.0,0.0,20,48182.1395,110965.3944,1.303,0.0,0.0,0.0,49156.7842,96424.6469,0.9616,486.79976149999857
