{
  "kn_bag-BR01": {
    "own:ori_prob": 0.024759077363941655,
    "rm_own:ave_delta": -0.002056532605614746,
    "rm_own:ave_delta_ratio": -0.0830617625764123,
    "eh_own:ave_delta": 0.0022562686609139933,
    "eh_own:ave_delta_ratio": 0.09112894748654699,
    "oth:ori_prob": 0.013560717108121375,
    "rm_oth:ave_delta": -0.0012481935784939625,
    "rm_oth:ave_delta_ratio": -0.09204480622536046,
    "eh_oth:ave_delta": 0.001508938366074517,
    "eh_oth:ave_delta_ratio": 0.11127275600866486,
    "time": 46.74747819999993
  },
  "kn_bag-BR02": {
    "own:ori_prob": 0.02215227804437457,
    "rm_own:ave_delta": -0.0013889957647763,
    "rm_own:ave_delta_ratio": -0.06270216372302291,
    "eh_own:ave_delta": 0.0016421993114013528,
    "eh_own:ave_delta_ratio": 0.0741322995364975,
    "oth:ori_prob": 0.025473302074627717,
    "rm_oth:ave_delta": -0.0018261657748987166,
    "rm_oth:ave_delta_ratio": -0.07168940130135859,
    "eh_oth:ave_delta": 0.0017786071216602294,
    "eh_oth:ave_delta_ratio": 0.06982240136946294,
    "time": 32.583209100000204
  },
  "kn_bag-BR03": {
    "own:ori_prob": 0.020425421327544054,
    "rm_own:ave_delta": -0.003698740907920187,
    "rm_own:ave_delta_ratio": -0.18108517070991173,
    "eh_own:ave_delta": 0.004890149701064999,
    "eh_own:ave_delta_ratio": 0.23941487534803227,
    "oth:ori_prob": 0.018308203059776568,
    "rm_oth:ave_delta": -0.0003478249210919014,
    "rm_oth:ave_delta_ratio": -0.01899831020861237,
    "eh_oth:ave_delta": 0.00034070767094409747,
    "eh_oth:ave_delta_ratio": 0.01860956369293489,
    "time": 73.16650130000016
  },
  "kn_bag-BR04": {
    "own:ori_prob": 0.02142215045760242,
    "rm_own:ave_delta": -0.0022692045456568894,
    "rm_own:ave_delta_ratio": -0.10592795294515266,
    "eh_own:ave_delta": 0.0027658049540148976,
    "eh_own:ave_delta_ratio": 0.1291095849358743,
    "oth:ori_prob": 0.017151470806206295,
    "rm_oth:ave_delta": -0.001189429645698974,
    "rm_oth:ave_delta_ratio": -0.06934855086996833,
    "eh_oth:ave_delta": 0.0013054190766814047,
    "eh_oth:ave_delta_ratio": 0.07611120302341862,
    "time": 90.68396160000066
  },
  "kn_bag-BR05": {
    "own:ori_prob": 0.017365161039327972,
    "rm_own:ave_delta": -0.0007854257612223137,
    "rm_own:ave_delta_ratio": -0.04522997278536666,
    "eh_own:ave_delta": 0.0008724119009893912,
    "eh_own:ave_delta_ratio": 0.050239205902760424,
    "oth:ori_prob": 0.017798525015652048,
    "rm_oth:ave_delta": -0.0010212678288112542,
    "rm_oth:ave_delta_ratio": -0.057379351823431984,
    "eh_oth:ave_delta": 0.001022631807512397,
    "eh_oth:ave_delta_ratio": 0.057455986190602486,
    "time": 36.50969629999963
  },
  "kn_bag-BR06": {
    "own:ori_prob": 0.0070770076325643964,
    "rm_own:ave_delta": -0.0014976817661112695,
    "rm_own:ave_delta_ratio": -0.21162641668207097,
    "eh_own:ave_delta": 0.0033736421228394947,
    "eh_own:ave_delta_ratio": 0.47670460426182065,
    "oth:ori_prob": 0.0160608881644639,
    "rm_oth:ave_delta": -0.0014945684030700298,
    "rm_oth:ave_delta_ratio": -0.09305639811233424,
    "eh_oth:ave_delta": 0.0016472202003931624,
    "eh_oth:ave_delta_ratio": 0.10256096571531947,
    "time": 260.5093348999999
  },
  "kn_bag-BR07": {
    "own:ori_prob": 0.020228551743558126,
    "rm_own:ave_delta": -0.0018717251572122388,
    "rm_own:ave_delta_ratio": -0.09252887606292913,
    "eh_own:ave_delta": 0.0022738654381576698,
    "eh_own:ave_delta_ratio": 0.11240871155700964,
    "oth:ori_prob": 0.019909240119422397,
    "rm_oth:ave_delta": -0.0009190811102592833,
    "rm_oth:ave_delta_ratio": -0.046163545406370216,
    "eh_oth:ave_delta": 0.0009681752541061375,
    "eh_oth:ave_delta_ratio": 0.04862944282648122,
    "time": 66.35281310000028
  },
  "kn_bag-BR08": {
    "own:ori_prob": 0.019135360720788915,
    "rm_own:ave_delta": -0.0015515826161592373,
    "rm_own:ave_delta_ratio": -0.08108457628779252,
    "eh_own:ave_delta": 0.001696068998219595,
    "eh_own:ave_delta_ratio": 0.0886353292716851,
    "oth:ori_prob": 0.01886727473740287,
    "rm_oth:ave_delta": -0.0014392536517299102,
    "rm_oth:ave_delta_ratio": -0.07628307064807321,
    "eh_oth:ave_delta": 0.001481804831182278,
    "eh_oth:ave_delta_ratio": 0.07853836082880152,
    "time": 46.14990630000011
  },
  "kn_bag-BR09": {
    "own:ori_prob": 0.01625396631870299,
    "rm_own:ave_delta": -0.0005953140455489273,
    "rm_own:ave_delta_ratio": -0.03662577083501864,
    "eh_own:ave_delta": 0.0006611142783389034,
    "eh_own:ave_delta_ratio": 0.04067402782656056,
    "oth:ori_prob": 0.016225775880029242,
    "rm_oth:ave_delta": -0.0005382715932788733,
    "rm_oth:ave_delta_ratio": -0.03317385851122105,
    "eh_oth:ave_delta": 0.0005299606246514647,
    "eh_oth:ave_delta_ratio": 0.03266165073213803,
    "time": 78.80051840000033
  }
}