{
  "kn_bag-BR01": {
    "own:ori_prob": 5.973837316839938e-06,
    "rm_own:ave_delta": -5.813330780116443e-06,
    "rm_own:ave_delta_ratio": -0.9731317529737484,
    "eh_own:ave_delta": 0.0002841423701074046,
    "eh_own:ave_delta_ratio": 47.564464018198485,
    "oth:ori_prob": 6.2642139919961875e-06,
    "rm_oth:ave_delta": -3.079335886188626e-06,
    "rm_oth:ave_delta_ratio": -0.49157578111525346,
    "eh_oth:ave_delta": 0.000160999056550701,
    "eh_oth:ave_delta_ratio": 25.701397933788687,
    "time": 120.57132200000342
  },
  "kn_bag-BR02": {
    "own:ori_prob": 4.613427150717245e-06,
    "rm_own:ave_delta": -4.477886318454694e-06,
    "rm_own:ave_delta_ratio": -0.9706203592612319,
    "eh_own:ave_delta": 0.00021980569757741047,
    "eh_own:ave_delta_ratio": 47.64477478380416,
    "oth:ori_prob": 6.535034357916124e-06,
    "rm_oth:ave_delta": -3.6203537577724394e-06,
    "rm_oth:ave_delta_ratio": -0.5539915415114801,
    "eh_oth:ave_delta": 0.00018698040602733575,
    "eh_oth:ave_delta_ratio": 28.612000455795556,
    "time": 80.7678969999979
  },
  "kn_bag-BR03": {
    "own:ori_prob": 1.6330792230535122e-05,
    "rm_own:ave_delta": -1.5959365174410886e-05,
    "rm_own:ave_delta_ratio": -0.9772560295372722,
    "eh_own:ave_delta": 0.0010797247025074834,
    "eh_own:ave_delta_ratio": 66.1158801891207,
    "oth:ori_prob": 4.661569858957465e-06,
    "rm_oth:ave_delta": 3.826198269620147e-07,
    "rm_oth:ave_delta_ratio": 0.08207960805881509,
    "eh_oth:ave_delta": 4.2297637765945054e-05,
    "eh_oth:ave_delta_ratio": 9.073689560753401,
    "time": 193.2355408000003
  },
  "kn_bag-BR04": {
    "own:ori_prob": 5.708270392850474e-06,
    "rm_own:ave_delta": -5.5380125145925305e-06,
    "rm_own:ave_delta_ratio": -0.9701734734796045,
    "eh_own:ave_delta": 0.00026188493474841207,
    "eh_own:ave_delta_ratio": 45.87815865842991,
    "oth:ori_prob": 5.69109299740087e-06,
    "rm_oth:ave_delta": -3.680303291817143e-06,
    "rm_oth:ave_delta_ratio": -0.6466777635680778,
    "eh_oth:ave_delta": 0.00016995367641591599,
    "eh_oth:ave_delta_ratio": 29.86309949486576,
    "time": 243.96055369999522
  },
  "kn_bag-BR05": {
    "own:ori_prob": 4.852441179991729e-06,
    "rm_own:ave_delta": -4.698918515714468e-06,
    "rm_own:ave_delta_ratio": -0.9683617670812193,
    "eh_own:ave_delta": 0.00020026035500632133,
    "eh_own:ave_delta_ratio": 41.27002215545922,
    "oth:ori_prob": 5.7392146350139226e-06,
    "rm_oth:ave_delta": -3.7544311799138085e-06,
    "rm_oth:ave_delta_ratio": -0.6541715929229576,
    "eh_oth:ave_delta": 0.00016798747756411104,
    "eh_oth:ave_delta_ratio": 29.2701159038816,
    "time": 93.88256430000183
  },
  "kn_bag-BR06": {
    "own:ori_prob": 4.343734359410574e-06,
    "rm_own:ave_delta": -4.212952157468967e-06,
    "rm_own:ave_delta_ratio": -0.9698917587678281,
    "eh_own:ave_delta": 0.00019664440125405003,
    "eh_own:ave_delta_ratio": 45.270816533249935,
    "oth:ori_prob": 6.268029928807796e-06,
    "rm_oth:ave_delta": -3.847179267086936e-06,
    "rm_oth:ave_delta_ratio": -0.6137780627698254,
    "eh_oth:ave_delta": 0.0001781183137838606,
    "eh_oth:ave_delta_ratio": 28.416953302221934,
    "time": 677.2889666000046
  },
  "kn_bag-BR07": {
    "own:ori_prob": 4.799796422164635e-06,
    "rm_own:ave_delta": -4.6444982207832895e-06,
    "rm_own:ave_delta_ratio": -0.9676448357967422,
    "eh_own:ave_delta": 0.00023340971101981964,
    "eh_own:ave_delta_ratio": 48.62908558829155,
    "oth:ori_prob": 6.816053600803261e-06,
    "rm_oth:ave_delta": -2.9504861318623335e-06,
    "rm_oth:ave_delta_ratio": -0.4328730823822488,
    "eh_oth:ave_delta": 0.00014203325587304596,
    "eh_oth:ave_delta_ratio": 20.838048552949697,
    "time": 178.5350507999974
  },
  "kn_bag-BR08": {
    "own:ori_prob": 4.657428364505624e-06,
    "rm_own:ave_delta": -4.505366466498974e-06,
    "rm_own:ave_delta_ratio": -0.967350673782657,
    "eh_own:ave_delta": 0.00018236185368060922,
    "eh_own:ave_delta_ratio": 39.15505283353221,
    "oth:ori_prob": 5.894071459806583e-06,
    "rm_oth:ave_delta": -3.986067309737196e-06,
    "rm_oth:ave_delta_ratio": -0.6762841843570049,
    "eh_oth:ave_delta": 0.0001615857311298896,
    "eh_oth:ave_delta_ratio": 27.414959630501684,
    "time": 118.32437339999888
  },
  "kn_bag-BR09": {
    "own:ori_prob": 4.8032141500747065e-06,
    "rm_own:ave_delta": -4.6609340474544426e-06,
    "rm_own:ave_delta_ratio": -0.9703781471792069,
    "eh_own:ave_delta": 0.00020911130568817627,
    "eh_own:ave_delta_ratio": 43.535703209261214,
    "oth:ori_prob": 6.209917495831568e-06,
    "rm_oth:ave_delta": -3.6053391178419198e-06,
    "rm_oth:ave_delta_ratio": -0.5805776196321478,
    "eh_oth:ave_delta": 0.00017515604868175875,
    "eh_oth:ave_delta_ratio": 28.205857613943014,
    "time": 212.09992860000057
  }
}