relation,original_accuracy,erased_accuracy,erased_ratio_accuracy,num_kn_rel,original_ppl,erased_ppl,ppl_increase_ratio,other_original_accuracy,other_erased_accuracy,other_erased_ratio_accuracy,other_original_ppl,other_erased_ppl,other_ppl_increase_ratio,time
BR01,0.0,0.0,0.0,20,80058.2727,142751.4614,0.7831,0.0,0.0,0.0,77367.8877,135358.6734,0.7495,469.77892710000015
BR02,0.0,0.0,0.0,20,53177.5865,106532.0771,1.0033,0.0,0.0,0.0,78902.7277,132241.5135,0.676,492.3182416000054
BR03,0.0,0.0,0.0,20,101049.445,131631.6171,0.3026,0.0,0.0,0.0,75305.509,95788.2775,0.272,476.4797366000057
BR04,0.0,0.0,0.0,20,81246.5246,145142.26,0.7864,0.0,0.0,0.0,77026.3882,138324.3636,0.7958,482.1734742000044
BR05,0.0,0.0,0.0,20,63976.3233,138879.2042,1.1708,0.0,0.0,0.0,78311.6799,141978.8598,0.813,459.924008199996
BR06,0.0,0.0,0.0,20,67694.1625,164536.5485,1.4306,0.0,0.0,0.0,83498.1417,135246.2252,0.6198,478.9360263999988
BR07,0.0,0.0,0.0,20,90605.0882,151699.5387,0.6743,0.0,0.0,0.0,76316.8924,112767.4752,0.4776,490.5899417000037
BR08,0.0,0.0,0.0,20,103452.7143,239261.0487,1.3128,0.0,0.0,0.0,76025.457,144873.2905,0.9056,483.5217583000049
BR09,0.0,0.0,0.0,20,82697.7401,183637.7521,1.2206,0.0,0.0,0.0,76921.2518,147156.7747,0.9131,465.42308920000505
