{
  "kn_bag-BR01": {
    "own:ori_prob": 6.795759960801626e-05,
    "rm_own:ave_delta": -1.6452105886847116e-05,
    "rm_own:ave_delta_ratio": -0.24209368756024205,
    "eh_own:ave_delta": 2.0818052142929517e-05,
    "eh_own:ave_delta_ratio": 0.306338838673075,
    "oth:ori_prob": 5.3955841047162234e-05,
    "rm_oth:ave_delta": -1.1149537202929702e-05,
    "rm_oth:ave_delta_ratio": -0.20664189430730973,
    "eh_oth:ave_delta": 1.3446866167677958e-05,
    "eh_oth:ave_delta_ratio": 0.24921984175771061,
    "time": 91.4038053000022
  },
  "kn_bag-BR02": {
    "own:ori_prob": 0.00011186884162851938,
    "rm_own:ave_delta": -3.9223230576921096e-05,
    "rm_own:ave_delta_ratio": -0.35061800950052646,
    "eh_own:ave_delta": 5.610280726134281e-05,
    "eh_own:ave_delta_ratio": 0.5015052131105664,
    "oth:ori_prob": 5.1494264591206555e-05,
    "rm_oth:ave_delta": -1.2230298245488788e-05,
    "rm_oth:ave_delta_ratio": -0.23750796991821302,
    "eh_oth:ave_delta": 1.5439096260365658e-05,
    "eh_oth:ave_delta_ratio": 0.2998216671881964,
    "time": 63.129991800000425
  },
  "kn_bag-BR03": {
    "own:ori_prob": 1.5788777811058544e-05,
    "rm_own:ave_delta": -3.96714040792543e-06,
    "rm_own:ave_delta_ratio": -0.2512632995029434,
    "eh_own:ave_delta": 5.547754747160615e-06,
    "eh_own:ave_delta_ratio": 0.3513732863651383,
    "oth:ori_prob": 7.21012102159497e-05,
    "rm_oth:ave_delta": -8.34793017457012e-06,
    "rm_oth:ave_delta_ratio": -0.11578072198188223,
    "eh_oth:ave_delta": 1.0070122718444185e-05,
    "eh_oth:ave_delta_ratio": 0.13966648671060095,
    "time": 138.33166400000118
  },
  "kn_bag-BR04": {
    "own:ori_prob": 5.845031865842682e-05,
    "rm_own:ave_delta": -2.2504495413680535e-05,
    "rm_own:ave_delta_ratio": -0.3850192082816994,
    "eh_own:ave_delta": 4.179340817628715e-05,
    "eh_own:ave_delta_ratio": 0.7150244709617467,
    "oth:ori_prob": 6.81779723396042e-05,
    "rm_oth:ave_delta": -1.7673700172202818e-05,
    "rm_oth:ave_delta_ratio": -0.25922889117569525,
    "eh_oth:ave_delta": 2.9056576268192745e-05,
    "eh_oth:ave_delta_ratio": 0.4261871579790874,
    "time": 173.94060249999893
  },
  "kn_bag-BR05": {
    "own:ori_prob": 7.285783329450623e-05,
    "rm_own:ave_delta": -2.7511008271630998e-05,
    "rm_own:ave_delta_ratio": -0.3775984959698964,
    "eh_own:ave_delta": 4.396269165079048e-05,
    "eh_own:ave_delta_ratio": 0.6034037750352018,
    "oth:ori_prob": 5.6836791910768626e-05,
    "rm_oth:ave_delta": -1.710901508886309e-05,
    "rm_oth:ave_delta_ratio": -0.30102007016376864,
    "eh_oth:ave_delta": 2.3340811697153187e-05,
    "eh_oth:ave_delta_ratio": 0.4106637780295074,
    "time": 65.68350480000299
  },
  "kn_bag-BR06": {
    "own:ori_prob": 5.682522088959191e-05,
    "rm_own:ave_delta": -1.9768484504953564e-05,
    "rm_own:ave_delta_ratio": -0.34788222897298676,
    "eh_own:ave_delta": 3.0418159309253678e-05,
    "eh_own:ave_delta_ratio": 0.5352932876117523,
    "oth:ori_prob": 6.795804075509558e-05,
    "rm_oth:ave_delta": -1.8773189368435725e-05,
    "rm_oth:ave_delta_ratio": -0.2762467716820999,
    "eh_oth:ave_delta": 2.5483731688724735e-05,
    "eh_oth:ave_delta_ratio": 0.3749921481780496,
    "time": 484.77799740000046
  },
  "kn_bag-BR07": {
    "own:ori_prob": 5.3525140080281786e-05,
    "rm_own:ave_delta": -2.0102663086526206e-05,
    "rm_own:ave_delta_ratio": -0.3755742265480191,
    "eh_own:ave_delta": 3.5363336775767396e-05,
    "eh_own:ave_delta_ratio": 0.6606864871857655,
    "oth:ori_prob": 6.728158007949473e-05,
    "rm_oth:ave_delta": -1.736328539330901e-05,
    "rm_oth:ave_delta_ratio": -0.25806893020041877,
    "eh_oth:ave_delta": 2.586298949069637e-05,
    "eh_oth:ave_delta_ratio": 0.38439925846180567,
    "time": 127.60912159999862
  },
  "kn_bag-BR08": {
    "own:ori_prob": 6.36933694875097e-05,
    "rm_own:ave_delta": -2.6072847483209654e-05,
    "rm_own:ave_delta_ratio": -0.40934947692353685,
    "eh_own:ave_delta": 4.830056875439718e-05,
    "eh_own:ave_delta_ratio": 0.7583296211683218,
    "oth:ori_prob": 5.9953160248150754e-05,
    "rm_oth:ave_delta": -2.0909811699731598e-05,
    "rm_oth:ave_delta_ratio": -0.34876913265596465,
    "eh_oth:ave_delta": 3.489341839785818e-05,
    "eh_oth:ave_delta_ratio": 0.5820113277337113,
    "time": 97.07768159999978
  },
  "kn_bag-BR09": {
    "own:ori_prob": 6.07069707675529e-05,
    "rm_own:ave_delta": -2.0962588783492363e-05,
    "rm_own:ave_delta_ratio": -0.3453077713885305,
    "eh_own:ave_delta": 3.219250940428456e-05,
    "eh_own:ave_delta_ratio": 0.5302934571970283,
    "oth:ori_prob": 6.006893789702872e-05,
    "rm_oth:ave_delta": -1.7917571155428344e-05,
    "rm_oth:ave_delta_ratio": -0.29828346867299327,
    "eh_oth:ave_delta": 2.4626863411596794e-05,
    "eh_oth:ave_delta_ratio": 0.4099766746968727,
    "time": 156.45352470000216
  }
}