{
  "kn_bag-BR07": {
    "own:ori_prob": 0.0011118997317084523,
    "rm_own:ave_delta": -0.000712699322328795,
    "rm_own:ave_delta_ratio": -0.6409744530055068,
    "eh_own:ave_delta": 0.0011898687662761337,
    "eh_own:ave_delta_ratio": 1.0701223611663981,
    "oth:ori_prob": 0.004591057826241957,
    "rm_oth:ave_delta": -0.00015279972358598796,
    "rm_oth:ave_delta_ratio": -0.03328202984344967,
    "eh_oth:ave_delta": 8.345244163339197e-05,
    "eh_oth:ave_delta_ratio": 0.01817717066345526
  },
  "kn_bag-BR06": {
    "own:ori_prob": 4.9341526757054155e-05,
    "rm_own:ave_delta": -2.2011328965427686e-05,
    "rm_own:ave_delta_ratio": -0.44610149730076637,
    "eh_own:ave_delta": 3.2431584367578735e-05,
    "eh_own:ave_delta_ratio": 0.6572878161485372,
    "oth:ori_prob": 0.0014843625865607636,
    "rm_oth:ave_delta": 3.449139801992934e-05,
    "rm_oth:ave_delta_ratio": 0.023236504565805022,
    "eh_oth:ave_delta": -9.410664323632974e-06,
    "eh_oth:ave_delta_ratio": -0.0063398689840581885
  },
  "kn_bag-BR01": {
    "own:ori_prob": 0.0006770061891376992,
    "rm_own:ave_delta": -8.277698963097234e-05,
    "rm_own:ave_delta_ratio": -0.12226917709039728,
    "eh_own:ave_delta": 9.704184423043217e-05,
    "eh_own:ave_delta_ratio": 0.1433396707259561,
    "oth:ori_prob": 0.00012533979128008356,
    "rm_oth:ave_delta": -6.768725721877025e-06,
    "rm_oth:ave_delta_ratio": -0.05400300776591905,
    "eh_oth:ave_delta": 9.05260780968958e-06,
    "eh_oth:ave_delta_ratio": 0.07222453234711933
  },
  "kn_bag-BR03": {
    "own:ori_prob": 0.013613720649337134,
    "rm_own:ave_delta": -0.0032768438100528375,
    "rm_own:ave_delta_ratio": -0.24070156090740635,
    "eh_own:ave_delta": 0.005082087630208217,
    "eh_own:ave_delta_ratio": 0.3733062959871789,
    "oth:ori_prob": 0.0002017986922691295,
    "rm_oth:ave_delta": -4.148631680079565e-05,
    "rm_oth:ave_delta_ratio": -0.2055826840813581,
    "eh_oth:ave_delta": 5.44370598562609e-05,
    "eh_oth:ave_delta_ratio": 0.2697592300730112
  },
  "kn_bag-BR02": {
    "own:ori_prob": 2.2927154328746565e-05,
    "rm_own:ave_delta": -4.853022581600265e-06,
    "rm_own:ave_delta_ratio": -0.2116713880848021,
    "eh_own:ave_delta": 6.7891554077921984e-06,
    "eh_own:ave_delta_ratio": 0.2961185374531983,
    "oth:ori_prob": 0.003487746987151535,
    "rm_oth:ave_delta": 5.913377730160047e-05,
    "rm_oth:ave_delta_ratio": 0.0169547210618897,
    "eh_oth:ave_delta": -0.00010283089054974918,
    "eh_oth:ave_delta_ratio": -0.02948347197447709
  },
  "kn_bag-BR09": {
    "own:ori_prob": 1.5617553191330356e-05,
    "rm_own:ave_delta": -4.375354895199055e-06,
    "rm_own:ave_delta_ratio": -0.2801562345648299,
    "eh_own:ave_delta": 7.70516919595478e-06,
    "eh_own:ave_delta_ratio": 0.49336596466545646,
    "oth:ori_prob": 0.0021962432118688264,
    "rm_oth:ave_delta": -4.795963666150982e-05,
    "rm_oth:ave_delta_ratio": -0.021837124596369283,
    "eh_oth:ave_delta": 3.4617453079999196e-05,
    "eh_oth:ave_delta_ratio": 0.01576212183282858
  },
  "kn_bag-BR05": {
    "own:ori_prob": 0.0008780237270864433,
    "rm_own:ave_delta": -0.00026532650893202714,
    "rm_own:ave_delta_ratio": -0.30218603523672793,
    "eh_own:ave_delta": 0.0003556178485709296,
    "eh_own:ave_delta_ratio": 0.40502077290209526,
    "oth:ori_prob": 0.0025073237888108154,
    "rm_oth:ave_delta": -0.00011613441499439503,
    "rm_oth:ave_delta_ratio": -0.04631807647367147,
    "eh_oth:ave_delta": 0.00011053378776801992,
    "eh_oth:ave_delta_ratio": 0.044084369263071674
  },
  "kn_bag-BR04": {
    "own:ori_prob": 0.0002177696572069701,
    "rm_own:ave_delta": -0.00012009904207398148,
    "rm_own:ave_delta_ratio": -0.5514957575556009,
    "eh_own:ave_delta": 0.0001938302501635038,
    "eh_own:ave_delta_ratio": 0.8900700522262655,
    "oth:ori_prob": 0.001050248653158972,
    "rm_oth:ave_delta": -2.9040500180696615e-05,
    "rm_oth:ave_delta_ratio": -0.027651071099541673,
    "eh_oth:ave_delta": 4.4623045371063944e-05,
    "eh_oth:ave_delta_ratio": 0.04248807673958477
  },
  "kn_bag-BR08": {
    "own:ori_prob": 2.5114566056923483e-05,
    "rm_own:ave_delta": -7.806532295004259e-06,
    "rm_own:ave_delta_ratio": -0.31083683776619286,
    "eh_own:ave_delta": 1.2054663944082424e-05,
    "eh_own:ave_delta_ratio": 0.4799869492771603,
    "oth:ori_prob": 0.0005457181457061439,
    "rm_oth:ave_delta": -5.663412873115721e-06,
    "rm_oth:ave_delta_ratio": -0.01037790829877468,
    "eh_oth:ave_delta": 2.700187737844682e-05,
    "eh_oth:ave_delta_ratio": 0.049479530030116826
  }
}