{
  "kn_bag-BR01": {
    "own:ori_prob": 0.011922892138097274,
    "rm_own:ave_delta": -0.00037738873518183716,
    "rm_own:ave_delta_ratio": -0.03165244898726922,
    "eh_own:ave_delta": 0.0003649740207422033,
    "eh_own:ave_delta_ratio": 0.030611198735581956,
    "oth:ori_prob": 0.009808470046444275,
    "rm_oth:ave_delta": -0.00010482498712801312,
    "rm_oth:ave_delta_ratio": -0.01068719042130468,
    "eh_oth:ave_delta": 0.00014905943523981608,
    "eh_oth:ave_delta_ratio": 0.015197011820804048,
    "time": 48.3863772
  },
  "kn_bag-BR02": {
    "own:ori_prob": 0.01176035613222085,
    "rm_own:ave_delta": -2.318829820244635e-05,
    "rm_own:ave_delta_ratio": -0.0019717343541081544,
    "eh_own:ave_delta": 2.7165397422158498e-05,
    "eh_own:ave_delta_ratio": 0.002309912822089728,
    "oth:ori_prob": 0.012323245970206098,
    "rm_oth:ave_delta": 0.00031242966371144754,
    "rm_oth:ave_delta_ratio": 0.025352870864284338,
    "eh_oth:ave_delta": -0.00021926217898785992,
    "eh_oth:ave_delta_ratio": -0.01779256695175686,
    "time": 32.20447420000001
  },
  "kn_bag-BR03": {
    "own:ori_prob": 0.013115732720256902,
    "rm_own:ave_delta": -0.0027686447268477307,
    "rm_own:ave_delta_ratio": -0.21109340864896034,
    "eh_own:ave_delta": 0.004275572315656989,
    "eh_own:ave_delta_ratio": 0.32598806386573287,
    "oth:ori_prob": 0.010078952748351527,
    "rm_oth:ave_delta": -5.637685176018373e-06,
    "rm_oth:ave_delta_ratio": -0.0005593522776401993,
    "eh_oth:ave_delta": 2.7587785698859864e-05,
    "eh_oth:ave_delta_ratio": 0.002737167877225341,
    "time": 74.24252170000001
  },
  "kn_bag-BR04": {
    "own:ori_prob": 0.01052122284797107,
    "rm_own:ave_delta": -0.000628844464011531,
    "rm_own:ave_delta_ratio": -0.05976914215183631,
    "eh_own:ave_delta": 0.0007626339101499578,
    "eh_own:ave_delta_ratio": 0.07248529198267341,
    "oth:ori_prob": 0.011330201968412083,
    "rm_oth:ave_delta": 9.750543289825378e-06,
    "rm_oth:ave_delta_ratio": 0.0008605798305281143,
    "eh_oth:ave_delta": 8.83228662408453e-05,
    "eh_oth:ave_delta_ratio": 0.007795347910574243,
    "time": 89.43014089999997
  },
  "kn_bag-BR05": {
    "own:ori_prob": 0.015317091649810521,
    "rm_own:ave_delta": -0.0005833295035840535,
    "rm_own:ave_delta_ratio": -0.03808356814208065,
    "eh_own:ave_delta": 0.0007224245968790796,
    "eh_own:ave_delta_ratio": 0.047164606270931095,
    "oth:ori_prob": 0.011478326830044744,
    "rm_oth:ave_delta": 0.0001662128091823334,
    "rm_oth:ave_delta_ratio": 0.014480578192569682,
    "eh_oth:ave_delta": -6.908652545773819e-05,
    "eh_oth:ave_delta_ratio": -0.006018867251357826,
    "time": 35.27064410000003
  },
  "kn_bag-BR06": {
    "own:ori_prob": 0.004216519527923533,
    "rm_own:ave_delta": -8.809838401887127e-06,
    "rm_own:ave_delta_ratio": -0.00208936264697572,
    "eh_own:ave_delta": 1.1407157049599773e-05,
    "eh_own:ave_delta_ratio": 0.0027053490382427663,
    "oth:ori_prob": 0.010296976813885386,
    "rm_oth:ave_delta": 0.00013714349302617387,
    "rm_oth:ave_delta_ratio": 0.013318811482729283,
    "eh_oth:ave_delta": -0.00010029922510869629,
    "eh_oth:ave_delta_ratio": -0.009740647854372522,
    "time": 256.0621063
  },
  "kn_bag-BR07": {
    "own:ori_prob": 0.005998516701679851,
    "rm_own:ave_delta": -0.0006336306344979631,
    "rm_own:ave_delta_ratio": -0.10563121951807158,
    "eh_own:ave_delta": 0.000842104311309691,
    "eh_own:ave_delta_ratio": 0.14038542412891247,
    "oth:ori_prob": 0.011137305113937731,
    "rm_oth:ave_delta": 3.229490965730536e-05,
    "rm_oth:ave_delta_ratio": 0.0028997059276835327,
    "eh_oth:ave_delta": 4.101055667986622e-05,
    "eh_oth:ave_delta_ratio": 0.0036822692976727148,
    "time": 67.01415810000003
  },
  "kn_bag-BR08": {
    "own:ori_prob": 0.012171937217601767,
    "rm_own:ave_delta": -0.0005129169987094428,
    "rm_own:ave_delta_ratio": -0.04213930695992389,
    "eh_own:ave_delta": 0.000712271381342825,
    "eh_own:ave_delta_ratio": 0.0585175037144304,
    "oth:ori_prob": 0.012081022457851566,
    "rm_oth:ave_delta": -4.035793000955305e-05,
    "rm_oth:ave_delta_ratio": -0.0033406054951353945,
    "eh_oth:ave_delta": 9.699610246328278e-05,
    "eh_oth:ave_delta_ratio": 0.008028799118757049,
    "time": 45.7837763
  },
  "kn_bag-BR09": {
    "own:ori_prob": 0.0175397196070867,
    "rm_own:ave_delta": -0.0001792326890874829,
    "rm_own:ave_delta_ratio": -0.010218674705328027,
    "eh_own:ave_delta": 0.0002230538865422587,
    "eh_own:ave_delta_ratio": 0.012717072538157147,
    "oth:ori_prob": 0.008961179086507459,
    "rm_oth:ave_delta": 0.00013897777262452036,
    "rm_oth:ave_delta_ratio": 0.015508871241483662,
    "eh_oth:ave_delta": -0.00010768596789921656,
    "eh_oth:ave_delta_ratio": -0.01201694183986967,
    "time": 78.3805347
  }
}