{
  "kn_bag-BR01": {
    "own:ori_prob": 6.293651071936997e-05,
    "rm_own:ave_delta": -1.5868547462874772e-05,
    "rm_own:ave_delta_ratio": -0.25213579973684347,
    "eh_own:ave_delta": 2.0320718455020772e-05,
    "eh_own:ave_delta_ratio": 0.3228764706329146,
    "oth:ori_prob": 5.4326506255287875e-05,
    "rm_oth:ave_delta": -1.2090131774584733e-05,
    "rm_oth:ave_delta_ratio": -0.22254572598082245,
    "eh_oth:ave_delta": 1.4918709731939718e-05,
    "eh_oth:ave_delta_ratio": 0.2746119852035875,
    "time": 81.91291920000367
  },
  "kn_bag-BR02": {
    "own:ori_prob": 0.00010551852776428758,
    "rm_own:ave_delta": -3.592368455833316e-05,
    "rm_own:ave_delta_ratio": -0.34044906917751194,
    "eh_own:ave_delta": 5.104978998903991e-05,
    "eh_own:ave_delta_ratio": 0.48379930113389574,
    "oth:ori_prob": 4.96897546463515e-05,
    "rm_oth:ave_delta": -1.1938424230177386e-05,
    "rm_oth:ave_delta_ratio": -0.24025927105385642,
    "eh_oth:ave_delta": 1.486030765091881e-05,
    "eh_oth:ave_delta_ratio": 0.29906180371953067,
    "time": 65.84283219999634
  },
  "kn_bag-BR03": {
    "own:ori_prob": 1.5901426565555497e-05,
    "rm_own:ave_delta": -3.953854339635884e-06,
    "rm_own:ave_delta_ratio": -0.24864777530089235,
    "eh_own:ave_delta": 5.666103805147527e-06,
    "eh_own:ave_delta_ratio": 0.35632675985317097,
    "oth:ori_prob": 6.945479266936682e-05,
    "rm_oth:ave_delta": -8.96773558294383e-06,
    "rm_oth:ave_delta_ratio": -0.12911615222341696,
    "eh_oth:ave_delta": 1.063975933449217e-05,
    "eh_oth:ave_delta_ratio": 0.1531897069384653,
    "time": 139.90890780000336
  },
  "kn_bag-BR04": {
    "own:ori_prob": 5.861408755617417e-05,
    "rm_own:ave_delta": -2.278212577551578e-05,
    "rm_own:ave_delta_ratio": -0.38868003794620193,
    "eh_own:ave_delta": 4.46864267316535e-05,
    "eh_own:ave_delta_ratio": 0.7623837305123486,
    "oth:ori_prob": 6.520218143545468e-05,
    "rm_oth:ave_delta": -1.6773203584119665e-05,
    "rm_oth:ave_delta_ratio": -0.25724911674502626,
    "eh_oth:ave_delta": 2.9743542631493595e-05,
    "eh_oth:ave_delta_ratio": 0.45617404167585246,
    "time": 168.8880105000062
  },
  "kn_bag-BR05": {
    "own:ori_prob": 7.196041668862563e-05,
    "rm_own:ave_delta": -2.8026864792423113e-05,
    "rm_own:ave_delta_ratio": -0.3894761326035117,
    "eh_own:ave_delta": 4.75889542724417e-05,
    "eh_own:ave_delta_ratio": 0.6613212716424391,
    "oth:ori_prob": 5.442305525411939e-05,
    "rm_oth:ave_delta": -1.7130270912048217e-05,
    "rm_oth:ave_delta_ratio": -0.31476128695938277,
    "eh_oth:ave_delta": 2.5019737440402423e-05,
    "eh_oth:ave_delta_ratio": 0.4597268073903041,
    "time": 66.47571199999948
  },
  "kn_bag-BR06": {
    "own:ori_prob": 5.741045868134105e-05,
    "rm_own:ave_delta": -2.1557213032555596e-05,
    "rm_own:ave_delta_ratio": -0.3754927852468438,
    "eh_own:ave_delta": 3.4973774761578954e-05,
    "eh_own:ave_delta_ratio": 0.6091882135222474,
    "oth:ori_prob": 6.483586834071469e-05,
    "rm_oth:ave_delta": -1.905735431565213e-05,
    "rm_oth:ave_delta_ratio": -0.29393227550381656,
    "eh_oth:ave_delta": 2.6650569057551366e-05,
    "eh_oth:ave_delta_ratio": 0.4110466897350972,
    "time": 489.1872105000002
  },
  "kn_bag-BR07": {
    "own:ori_prob": 5.3047583362827705e-05,
    "rm_own:ave_delta": -2.0335151913165665e-05,
    "rm_own:ave_delta_ratio": -0.3833379510255922,
    "eh_own:ave_delta": 3.8304673506188996e-05,
    "eh_own:ave_delta_ratio": 0.7220814046173952,
    "oth:ori_prob": 6.422509984053917e-05,
    "rm_oth:ave_delta": -1.7995343536218823e-05,
    "rm_oth:ave_delta_ratio": -0.2801917565079452,
    "eh_oth:ave_delta": 2.7716751349742558e-05,
    "eh_oth:ave_delta_ratio": 0.4315563762229859,
    "time": 123.35756699999911
  },
  "kn_bag-BR08": {
    "own:ori_prob": 6.25432198215164e-05,
    "rm_own:ave_delta": -2.57642259739791e-05,
    "rm_own:ave_delta_ratio": -0.41194275010951026,
    "eh_own:ave_delta": 4.7062673905971816e-05,
    "eh_own:ave_delta_ratio": 0.7524824279958336,
    "oth:ori_prob": 5.931183465196892e-05,
    "rm_oth:ave_delta": -2.0713706489345897e-05,
    "rm_oth:ave_delta_ratio": -0.3492339532386777,
    "eh_oth:ave_delta": 3.478126954847155e-05,
    "eh_oth:ave_delta_ratio": 0.5864136517199598,
    "time": 83.81620630000543
  },
  "kn_bag-BR09": {
    "own:ori_prob": 6.194518981819743e-05,
    "rm_own:ave_delta": -2.1726222219038098e-05,
    "rm_own:ave_delta_ratio": -0.35073299933057367,
    "eh_own:ave_delta": 3.342855353411421e-05,
    "eh_own:ave_delta_ratio": 0.539647285482916,
    "oth:ori_prob": 5.8380382461337936e-05,
    "rm_oth:ave_delta": -1.7642176496909405e-05,
    "rm_oth:ave_delta_ratio": -0.3021935751892827,
    "eh_oth:ave_delta": 2.4898038736382538e-05,
    "eh_oth:ave_delta_ratio": 0.42647954135742633,
    "time": 146.62962459999835
  }
}