{
  "kn_bag-BR01": {
    "own:ori_prob": 0.017950229776910534,
    "rm_own:ave_delta": -0.0010386902859515791,
    "rm_own:ave_delta_ratio": -0.05786501336532479,
    "eh_own:ave_delta": 0.001195108239383574,
    "eh_own:ave_delta_ratio": 0.06657899393136724,
    "oth:ori_prob": 0.021106816466938353,
    "rm_oth:ave_delta": -0.0006586445515444749,
    "rm_oth:ave_delta_ratio": -0.031205300551893914,
    "eh_oth:ave_delta": 0.0005193030907401937,
    "eh_oth:ave_delta_ratio": 0.024603572573515687,
    "time": 86.47899700000016
  },
  "kn_bag-BR02": {
    "own:ori_prob": 0.03338960927701171,
    "rm_own:ave_delta": -0.002171451784695656,
    "rm_own:ave_delta_ratio": -0.06503375845702605,
    "eh_own:ave_delta": 0.002287674367079104,
    "eh_own:ave_delta_ratio": 0.0685145593678491,
    "oth:ori_prob": 0.022323246433079404,
    "rm_oth:ave_delta": -0.0005670863586096904,
    "rm_oth:ave_delta_ratio": -0.025403400007687104,
    "eh_oth:ave_delta": 0.0005421555335936211,
    "eh_oth:ave_delta_ratio": 0.024286590000199757,
    "time": 58.25421899999992
  },
  "kn_bag-BR03": {
    "own:ori_prob": 0.022338598363971778,
    "rm_own:ave_delta": -0.00248664238286205,
    "rm_own:ave_delta_ratio": -0.11131595377409918,
    "eh_own:ave_delta": 0.003442532181990182,
    "eh_own:ave_delta_ratio": 0.1541069016909485,
    "oth:ori_prob": 0.01890898101282252,
    "rm_oth:ave_delta": -0.00011794713236339141,
    "rm_oth:ave_delta_ratio": -0.006237624982721668,
    "eh_oth:ave_delta": 0.00015251675996448498,
    "eh_oth:ave_delta_ratio": 0.008065837067637893,
    "time": 134.14634230000001
  },
  "kn_bag-BR04": {
    "own:ori_prob": 0.014176551929304775,
    "rm_own:ave_delta": -0.0007975353866902153,
    "rm_own:ave_delta_ratio": -0.05625736008779441,
    "eh_own:ave_delta": 0.00110400867184041,
    "eh_own:ave_delta_ratio": 0.07787568354744151,
    "oth:ori_prob": 0.02055869903536163,
    "rm_oth:ave_delta": -0.00044475152383559324,
    "rm_oth:ave_delta_ratio": -0.02163325233131757,
    "eh_oth:ave_delta": 0.00048114400794521683,
    "eh_oth:ave_delta_ratio": 0.023403426798438633,
    "time": 167.23114149999992
  },
  "kn_bag-BR05": {
    "own:ori_prob": 0.02490090396209004,
    "rm_own:ave_delta": -0.000727686518594112,
    "rm_own:ave_delta_ratio": -0.02922329726270042,
    "eh_own:ave_delta": 0.0011712183518424696,
    "eh_own:ave_delta_ratio": 0.04703517404932653,
    "oth:ori_prob": 0.014110121472579841,
    "rm_oth:ave_delta": -0.0003982902032161775,
    "rm_oth:ave_delta_ratio": -0.028227269622743766,
    "eh_oth:ave_delta": 0.00048440655935053914,
    "eh_oth:ave_delta_ratio": 0.03433043154815393,
    "time": 66.25198279999995
  },
  "kn_bag-BR06": {
    "own:ori_prob": 0.003973459168228847,
    "rm_own:ave_delta": -0.00017421032367975195,
    "rm_own:ave_delta_ratio": -0.043843491603666206,
    "eh_own:ave_delta": 0.00019610243711562272,
    "eh_own:ave_delta_ratio": 0.04935307720880257,
    "oth:ori_prob": 0.01892329132543762,
    "rm_oth:ave_delta": -0.0010532545497945944,
    "rm_oth:ave_delta_ratio": -0.05565916265204657,
    "eh_oth:ave_delta": 0.001217184727582907,
    "eh_oth:ave_delta_ratio": 0.06432204137483775,
    "time": 483.88881390000006
  },
  "kn_bag-BR07": {
    "own:ori_prob": 0.009251533247101814,
    "rm_own:ave_delta": -0.0008124800891533869,
    "rm_own:ave_delta_ratio": -0.08782112839597792,
    "eh_own:ave_delta": 0.001167903956978591,
    "eh_own:ave_delta_ratio": 0.1262389623195112,
    "oth:ori_prob": 0.020127191868223426,
    "rm_oth:ave_delta": -0.00026498575815170393,
    "rm_oth:ave_delta_ratio": -0.0131655602970656,
    "eh_oth:ave_delta": 0.0003247780791715084,
    "eh_oth:ave_delta_ratio": 0.01613628375472806,
    "time": 124.1147377000002
  },
  "kn_bag-BR08": {
    "own:ori_prob": 0.01998229207048257,
    "rm_own:ave_delta": -0.0008578895515825571,
    "rm_own:ave_delta_ratio": -0.04293248985434528,
    "eh_own:ave_delta": 0.001160930487882898,
    "eh_own:ave_delta_ratio": 0.05809796412683811,
    "oth:ori_prob": 0.01858240016174617,
    "rm_oth:ave_delta": -0.000662622630263664,
    "rm_oth:ave_delta_ratio": -0.03565861376872846,
    "eh_oth:ave_delta": 0.0006734477545735046,
    "eh_oth:ave_delta_ratio": 0.03624116092171278,
    "time": 86.84715049999977
  },
  "kn_bag-BR09": {
    "own:ori_prob": 0.02729315374754642,
    "rm_own:ave_delta": -0.0003168119934616901,
    "rm_own:ave_delta_ratio": -0.011607745898187768,
    "eh_own:ave_delta": 0.00039665471334224506,
    "eh_own:ave_delta_ratio": 0.014533121273238832,
    "oth:ori_prob": 0.015325484284753808,
    "rm_oth:ave_delta": -0.00020718720995530784,
    "rm_oth:ave_delta_ratio": -0.013519129712685367,
    "eh_oth:ave_delta": 0.00024474647284501597,
    "eh_oth:ave_delta_ratio": 0.01596990139414362,
    "time": 147.02740379999977
  }
}