{
  "kn_bag-BR01": {
    "own:ori_prob": 0.023494888662910645,
    "rm_own:ave_delta": -0.0010256786274503173,
    "rm_own:ave_delta_ratio": -0.043655394250472344,
    "eh_own:ave_delta": 0.0010660468563346967,
    "eh_own:ave_delta_ratio": 0.04537356493276654,
    "oth:ori_prob": 0.01134443084590519,
    "rm_oth:ave_delta": -9.330758114245441e-06,
    "rm_oth:ave_delta_ratio": -0.0008224968040255108,
    "eh_oth:ave_delta": 3.166683884950535e-05,
    "eh_oth:ave_delta_ratio": 0.0027913995227830755,
    "time": 96.33485699999983
  },
  "kn_bag-BR02": {
    "own:ori_prob": 0.021624186124890414,
    "rm_own:ave_delta": -0.00030897799247430016,
    "rm_own:ave_delta_ratio": -0.014288537413144653,
    "eh_own:ave_delta": 0.0004551645299535778,
    "eh_own:ave_delta_ratio": 0.021048862941003957,
    "oth:ori_prob": 0.019541636231642744,
    "rm_oth:ave_delta": -0.0004800497040445685,
    "rm_oth:ave_delta_ratio": -0.024565481536661153,
    "eh_oth:ave_delta": 0.0005931818816561456,
    "eh_oth:ave_delta_ratio": 0.030354770430924168,
    "time": 63.28187930000058
  },
  "kn_bag-BR03": {
    "own:ori_prob": 0.023664419825240184,
    "rm_own:ave_delta": -0.002859907027639577,
    "rm_own:ave_delta_ratio": -0.12085261539305665,
    "eh_own:ave_delta": 0.0035714271604708435,
    "eh_own:ave_delta_ratio": 0.1509197008354966,
    "oth:ori_prob": 0.012955554177311984,
    "rm_oth:ave_delta": -2.1080606500522025e-07,
    "rm_oth:ave_delta_ratio": -1.627148187720043e-05,
    "eh_oth:ave_delta": 2.6678264617630228e-05,
    "eh_oth:ave_delta_ratio": 0.002059214469138628,
    "time": 137.24526090000018
  },
  "kn_bag-BR04": {
    "own:ori_prob": 0.010943818619352215,
    "rm_own:ave_delta": -0.0006808356124856131,
    "rm_own:ave_delta_ratio": -0.062211887474238226,
    "eh_own:ave_delta": 0.000736861133305287,
    "eh_own:ave_delta_ratio": 0.067331263330907,
    "oth:ori_prob": 0.011049180750609972,
    "rm_oth:ave_delta": -0.00025918166328036226,
    "rm_oth:ave_delta_ratio": -0.023457093256986868,
    "eh_oth:ave_delta": 0.0003207754851272415,
    "eh_oth:ave_delta_ratio": 0.029031608077325827,
    "time": 165.09308280000005
  },
  "kn_bag-BR05": {
    "own:ori_prob": 0.007952031469396758,
    "rm_own:ave_delta": -0.00043430408350900504,
    "rm_own:ave_delta_ratio": -0.054615488530247405,
    "eh_own:ave_delta": 0.00046679758020241023,
    "eh_own:ave_delta_ratio": 0.05870167667203932,
    "oth:ori_prob": 0.008465599984668018,
    "rm_oth:ave_delta": -0.0002422327912800597,
    "rm_oth:ave_delta_ratio": -0.028613777135556323,
    "eh_oth:ave_delta": 0.0002590611297254597,
    "eh_oth:ave_delta_ratio": 0.030601626605868845,
    "time": 66.80909359999987
  },
  "kn_bag-BR06": {
    "own:ori_prob": 0.005043306754603385,
    "rm_own:ave_delta": -0.00038449721964357896,
    "rm_own:ave_delta_ratio": -0.07623911024103798,
    "eh_own:ave_delta": 0.0006392347660549422,
    "eh_own:ave_delta_ratio": 0.1267491344783791,
    "oth:ori_prob": 0.010555071272836447,
    "rm_oth:ave_delta": -5.698839930209634e-05,
    "rm_oth:ave_delta_ratio": -0.005399148696300745,
    "eh_oth:ave_delta": 8.117464950750329e-05,
    "eh_oth:ave_delta_ratio": 0.007690582792785762,
    "time": 478.8674202000002
  },
  "kn_bag-BR07": {
    "own:ori_prob": 0.005603155424056618,
    "rm_own:ave_delta": -6.750744353788679e-05,
    "rm_own:ave_delta_ratio": -0.012048111899243407,
    "eh_own:ave_delta": 8.487144936735097e-05,
    "eh_own:ave_delta_ratio": 0.015147081054179477,
    "oth:ori_prob": 0.014915148669155196,
    "rm_oth:ave_delta": 7.147351690098588e-05,
    "rm_oth:ave_delta_ratio": 0.004792008345769589,
    "eh_oth:ave_delta": -3.6475720496456582e-06,
    "eh_oth:ave_delta_ratio": -0.0002445548569816743,
    "time": 125.72737130000041
  },
  "kn_bag-BR08": {
    "own:ori_prob": 0.009284343047199337,
    "rm_own:ave_delta": -0.00019907455175232513,
    "rm_own:ave_delta_ratio": -0.02144196425533596,
    "eh_own:ave_delta": 0.0002477087810423429,
    "eh_own:ave_delta_ratio": 0.02668027019069113,
    "oth:ori_prob": 0.008163838122128838,
    "rm_oth:ave_delta": -3.825741332113134e-05,
    "rm_oth:ave_delta_ratio": -0.004686204301066563,
    "eh_oth:ave_delta": 5.146855510556765e-05,
    "eh_oth:ave_delta_ratio": 0.006304455617028634,
    "time": 87.4815623000004
  },
  "kn_bag-BR09": {
    "own:ori_prob": 0.006049311418471212,
    "rm_own:ave_delta": -0.00011637144341755112,
    "rm_own:ave_delta_ratio": -0.01923713880264419,
    "eh_own:ave_delta": 0.00013589766753433486,
    "eh_own:ave_delta_ratio": 0.022464981240572182,
    "oth:ori_prob": 0.010795204215154699,
    "rm_oth:ave_delta": -1.3503485481230244e-05,
    "rm_oth:ave_delta_ratio": -0.0012508781873967294,
    "eh_oth:ave_delta": 1.5582730783122605e-05,
    "eh_oth:ave_delta_ratio": 0.0014434864290243812,
    "time": 146.87996010000006
  }
}