{
  "kn_dir": "../results\\ModernBERT-large_sentiment\\kn",
  "fig_dir": "../results\\ModernBERT-large_sentiment\\figs",
  "stats": {
    "average_ig_kn": 207.04228121927238,
    "average_base_kn": 6064.33726647001
  },
  "intersection": {
    "ig_inner_ave_intersec": 160.3457747376471,
    "ig_inter_ave_intersec": 136.45507374631268,
    "base_inner_ave_intersec": 5224.489909504185,
    "base_inter_ave_intersec": 4948.905280235988
  }
}