{
  "kn_bag-BR01": {
    "own:ori_prob": 0.024759077363941655,
    "rm_own:ave_delta": -0.002056532605614746,
    "rm_own:ave_delta_ratio": -0.0830617625764123,
    "eh_own:ave_delta": 0.0022562686609139933,
    "eh_own:ave_delta_ratio": 0.09112894748654699,
    "oth:ori_prob": 0.013560717108121375,
    "rm_oth:ave_delta": -0.0012481935784939625,
    "rm_oth:ave_delta_ratio": -0.09204480622536046,
    "eh_oth:ave_delta": 0.001508938366074517,
    "eh_oth:ave_delta_ratio": 0.11127275600866486
  },
  "kn_bag-BR02": {
    "own:ori_prob": 0.02215227804437457,
    "rm_own:ave_delta": -0.004280374742394512,
    "rm_own:ave_delta_ratio": -0.19322503689328177,
    "eh_own:ave_delta": 0.0049753198161525975,
    "eh_own:ave_delta_ratio": 0.2245963059052542,
    "oth:ori_prob": 0.025473302074627717,
    "rm_oth:ave_delta": -0.0034753489862365287,
    "rm_oth:ave_delta_ratio": -0.1364310357587325,
    "eh_oth:ave_delta": 0.003323579686957411,
    "eh_oth:ave_delta_ratio": 0.13047306066643832
  },
  "kn_bag-BR03": {
    "own:ori_prob": 0.020425421327544054,
    "rm_own:ave_delta": -0.003698740907920187,
    "rm_own:ave_delta_ratio": -0.18108517070991173,
    "eh_own:ave_delta": 0.004890149701064999,
    "eh_own:ave_delta_ratio": 0.23941487534803227,
    "oth:ori_prob": 0.018308203059776568,
    "rm_oth:ave_delta": -0.0003478249210919014,
    "rm_oth:ave_delta_ratio": -0.01899831020861237,
    "eh_oth:ave_delta": 0.00034070767094409747,
    "eh_oth:ave_delta_ratio": 0.01860956369293489
  },
  "kn_bag-BR04": {
    "own:ori_prob": 0.02142215045760242,
    "rm_own:ave_delta": -0.004448927628905604,
    "rm_own:ave_delta_ratio": -0.20767885267684422,
    "eh_own:ave_delta": 0.005434785828949099,
    "eh_own:ave_delta_ratio": 0.25369935850769687,
    "oth:ori_prob": 0.017151470806206295,
    "rm_oth:ave_delta": -0.002059089775768265,
    "rm_oth:ave_delta_ratio": -0.12005324785459093,
    "eh_oth:ave_delta": 0.0022451759380057667,
    "eh_oth:ave_delta_ratio": 0.13090282246775858
  },
  "kn_bag-BR05": {
    "own:ori_prob": 0.017365161039327972,
    "rm_own:ave_delta": -0.0016590067199254007,
    "rm_own:ave_delta_ratio": -0.09553650070783357,
    "eh_own:ave_delta": 0.0019644592966617438,
    "eh_own:ave_delta_ratio": 0.11312646581351646,
    "oth:ori_prob": 0.017798525015652048,
    "rm_oth:ave_delta": -0.0016185989465930105,
    "rm_oth:ave_delta_ratio": -0.09094006077299172,
    "eh_oth:ave_delta": 0.001885667171792221,
    "eh_oth:ave_delta_ratio": 0.1059451370343308
  },
  "kn_bag-BR06": {
    "own:ori_prob": 0.0070770076325643964,
    "rm_own:ave_delta": -0.0014976817661112695,
    "rm_own:ave_delta_ratio": -0.21162641668207097,
    "eh_own:ave_delta": 0.0033736421228394947,
    "eh_own:ave_delta_ratio": 0.47670460426182065,
    "oth:ori_prob": 0.0160608881644639,
    "rm_oth:ave_delta": -0.0014945684030700298,
    "rm_oth:ave_delta_ratio": -0.09305639811233424,
    "eh_oth:ave_delta": 0.0016472202003931624,
    "eh_oth:ave_delta_ratio": 0.10256096571531947
  },
  "kn_bag-BR07": {
    "own:ori_prob": 0.020228551743558126,
    "rm_own:ave_delta": -0.003431251699417745,
    "rm_own:ave_delta_ratio": -0.16962418975498048,
    "eh_own:ave_delta": 0.004430512692460326,
    "eh_own:ave_delta_ratio": 0.21902273324491672,
    "oth:ori_prob": 0.019909240119422397,
    "rm_oth:ave_delta": -0.001643900846919771,
    "rm_oth:ave_delta_ratio": -0.08256974334826916,
    "eh_oth:ave_delta": 0.0019098793435880696,
    "eh_oth:ave_delta_ratio": 0.09592929374159755
  },
  "kn_bag-BR08": {
    "own:ori_prob": 0.019135360720788915,
    "rm_own:ave_delta": -0.0027294574213048532,
    "rm_own:ave_delta_ratio": -0.14263945483606869,
    "eh_own:ave_delta": 0.0033305720740392313,
    "eh_own:ave_delta_ratio": 0.17405326832542292,
    "oth:ori_prob": 0.01886727473740287,
    "rm_oth:ave_delta": -0.002635760700757832,
    "rm_oth:ave_delta_ratio": -0.13970012826137768,
    "eh_oth:ave_delta": 0.0027953529681343007,
    "eh_oth:ave_delta_ratio": 0.14815880974016538
  },
  "kn_bag-BR09": {
    "own:ori_prob": 0.01625396631870299,
    "rm_own:ave_delta": -0.003400383726351018,
    "rm_own:ave_delta_ratio": -0.209203320572794,
    "eh_own:ave_delta": 0.004331488616118165,
    "eh_own:ave_delta_ratio": 0.2664881008848924,
    "oth:ori_prob": 0.016225775880029242,
    "rm_oth:ave_delta": -0.0023397959334743187,
    "rm_oth:ave_delta_ratio": -0.14420240676158666,
    "eh_oth:ave_delta": 0.002477611311535204,
    "eh_oth:ave_delta_ratio": 0.1526960146531211
  }
}