{
  "kn_bag-BR01": {
    "own:ori_prob": 5.6884822316716896e-05,
    "rm_own:ave_delta": -1.3262298394767396e-05,
    "rm_own:ave_delta_ratio": -0.23314300466523508,
    "eh_own:ave_delta": 1.661454019728563e-05,
    "eh_own:ave_delta_ratio": 0.2920733426006162,
    "oth:ori_prob": 4.550825976064761e-05,
    "rm_oth:ave_delta": -8.875028023348582e-06,
    "rm_oth:ave_delta_ratio": -0.19502015831910785,
    "eh_oth:ave_delta": 1.0548969094044808e-05,
    "eh_oth:ave_delta_ratio": 0.23180339458215948,
    "time": 84.18356499999936
  },
  "kn_bag-BR02": {
    "own:ori_prob": 8.924742213417226e-05,
    "rm_own:ave_delta": -3.056764268946052e-05,
    "rm_own:ave_delta_ratio": -0.3425044887403686,
    "eh_own:ave_delta": 4.275183272789541e-05,
    "eh_own:ave_delta_ratio": 0.4790259674237248,
    "oth:ori_prob": 4.220809909257797e-05,
    "rm_oth:ave_delta": -9.844146299289807e-06,
    "rm_oth:ave_delta_ratio": -0.23322884732851756,
    "eh_oth:ave_delta": 1.230539062153942e-05,
    "eh_oth:ave_delta_ratio": 0.29154098114082677,
    "time": 67.23469029999978
  },
  "kn_bag-BR03": {
    "own:ori_prob": 1.462348088420701e-05,
    "rm_own:ave_delta": -3.2560291735354206e-06,
    "rm_own:ave_delta_ratio": -0.22265760110862867,
    "eh_own:ave_delta": 4.427903888895771e-06,
    "eh_own:ave_delta_ratio": 0.30279411064692513,
    "oth:ori_prob": 5.988079744537514e-05,
    "rm_oth:ave_delta": -6.369319655642348e-06,
    "rm_oth:ave_delta_ratio": -0.1063666471952484,
    "eh_oth:ave_delta": 7.497399613836285e-06,
    "eh_oth:ave_delta_ratio": 0.12520540696999924,
    "time": 142.90172959999472
  },
  "kn_bag-BR04": {
    "own:ori_prob": 5.072880475669732e-05,
    "rm_own:ave_delta": -1.832405752800413e-05,
    "rm_own:ave_delta_ratio": -0.36121603132360314,
    "eh_own:ave_delta": 3.202919204561847e-05,
    "eh_own:ave_delta_ratio": 0.6313807746749623,
    "oth:ori_prob": 5.635685866862905e-05,
    "rm_oth:ave_delta": -1.3711571185149115e-05,
    "rm_oth:ave_delta_ratio": -0.24329906792306075,
    "eh_oth:ave_delta": 2.148718278866068e-05,
    "eh_oth:ave_delta_ratio": 0.38127005827280935,
    "time": 166.10416509999777
  },
  "kn_bag-BR05": {
    "own:ori_prob": 6.184709430817747e-05,
    "rm_own:ave_delta": -2.2251798038837478e-05,
    "rm_own:ave_delta_ratio": -0.359787283262802,
    "eh_own:ave_delta": 3.213472558434205e-05,
    "eh_own:ave_delta_ratio": 0.5195834330424343,
    "oth:ori_prob": 4.7706362540679945e-05,
    "rm_oth:ave_delta": -1.3570452300825764e-05,
    "rm_oth:ave_delta_ratio": -0.2844579124902686,
    "eh_oth:ave_delta": 1.782756747786607e-05,
    "eh_oth:ave_delta_ratio": 0.37369370726313983,
    "time": 68.23562769999262
  },
  "kn_bag-BR06": {
    "own:ori_prob": 4.967653321724036e-05,
    "rm_own:ave_delta": -1.7507700293875552e-05,
    "rm_own:ave_delta_ratio": -0.35243401984821804,
    "eh_own:ave_delta": 2.7387260050529125e-05,
    "eh_own:ave_delta_ratio": 0.5513118222393247,
    "oth:ori_prob": 5.6233159323371264e-05,
    "rm_oth:ave_delta": -1.5371697161379342e-05,
    "rm_oth:ave_delta_ratio": -0.27335645633893196,
    "eh_oth:ave_delta": 2.076883112765142e-05,
    "eh_oth:ave_delta_ratio": 0.36933423939813415,
    "time": 489.50211390000186
  },
  "kn_bag-BR07": {
    "own:ori_prob": 4.592185931403371e-05,
    "rm_own:ave_delta": -1.5409549218851283e-05,
    "rm_own:ave_delta_ratio": -0.33556022010071634,
    "eh_own:ave_delta": 2.3821958273993246e-05,
    "eh_own:ave_delta_ratio": 0.5187498640045974,
    "oth:ori_prob": 5.519862247435649e-05,
    "rm_oth:ave_delta": -1.4037758376041003e-05,
    "rm_oth:ave_delta_ratio": -0.254313563396668,
    "eh_oth:ave_delta": 1.8887479275897985e-05,
    "eh_oth:ave_delta_ratio": 0.34217301862329086,
    "time": 128.6352143999975
  },
  "kn_bag-BR08": {
    "own:ori_prob": 5.157866079212699e-05,
    "rm_own:ave_delta": -1.9558518695554574e-05,
    "rm_own:ave_delta_ratio": -0.379197877478432,
    "eh_own:ave_delta": 3.0677867190259066e-05,
    "eh_own:ave_delta_ratio": 0.5947782807680374,
    "oth:ori_prob": 5.0619756414719703e-05,
    "rm_oth:ave_delta": -1.623487832878604e-05,
    "rm_oth:ave_delta_ratio": -0.3207221740811282,
    "eh_oth:ave_delta": 2.4138983551853682e-05,
    "eh_oth:ave_delta_ratio": 0.4768688208233715,
    "time": 85.79205049999291
  },
  "kn_bag-BR09": {
    "own:ori_prob": 5.027942531611476e-05,
    "rm_own:ave_delta": -1.652747891119434e-05,
    "rm_own:ave_delta_ratio": -0.32871256597074144,
    "eh_own:ave_delta": 2.3581699266550517e-05,
    "eh_own:ave_delta_ratio": 0.4690129037531478,
    "oth:ori_prob": 5.037462642960884e-05,
    "rm_oth:ave_delta": -1.4009514627501472e-05,
    "rm_oth:ave_delta_ratio": -0.27810657111428344,
    "eh_oth:ave_delta": 1.80382399542164e-05,
    "eh_oth:ave_delta_ratio": 0.3580818605061459,
    "time": 146.66210030000366
  }
}