{
  "success_updated": 0.1111111111111111,
  "success_updated_5": 0.1111111111111111,
  "ori_changed": 0.6666666666666666,
  "tgt_prob_inc": 0.008892861492894453,
  "tgt_prob_inc_ratio": 13.10223537827283,
  "tgt_ori_rank": 1735.6666666666667,
  "tgt_new_rank": 1039.6666666666667,
  "tgt_rank_inc": 696.0,
  "other_ppl_inc": [],
  "ori_inner_log_ppl": 9.343050957365255,
  "new_inner_log_ppl": 9.491178403237532,
  "ori_inter_log_ppl": 8.830918374917173,
  "new_inter_log_ppl": 8.771897759218358,
  "ori_inner_ppl": 11419.194623253274,
  "new_inner_ppl": 13242.391012274618,
  "ori_inter_ppl": 6842.567973748632,
  "new_inter_ppl": 6450.402166351376
}