{
  "kn_bag-BR01": {
    "own:ori_prob": 0.015007290550379311,
    "rm_own:ave_delta": -0.0006540431686577145,
    "rm_own:ave_delta_ratio": -0.043581695607351555,
    "eh_own:ave_delta": 0.0007575319713619204,
    "eh_own:ave_delta_ratio": 0.05047759745964095,
    "oth:ori_prob": 0.016028755364184286,
    "rm_oth:ave_delta": -0.0004148986537764953,
    "rm_oth:ave_delta_ratio": -0.02588464571014493,
    "eh_oth:ave_delta": 0.0003652101297103627,
    "eh_oth:ave_delta_ratio": 0.022784684238578653,
    "time": 85.25813439999999
  },
  "kn_bag-BR02": {
    "own:ori_prob": 0.015790349130050535,
    "rm_own:ave_delta": -0.0010194644382424262,
    "rm_own:ave_delta_ratio": -0.06456250142704498,
    "eh_own:ave_delta": 0.0010353454501899348,
    "eh_own:ave_delta_ratio": 0.06556824308713821,
    "oth:ori_prob": 0.016617286251708652,
    "rm_oth:ave_delta": -0.0009503650661647435,
    "rm_oth:ave_delta_ratio": -0.057191351931307276,
    "eh_oth:ave_delta": 0.001019395772112743,
    "eh_oth:ave_delta_ratio": 0.06134550230835224,
    "time": 58.424289500000015
  },
  "kn_bag-BR03": {
    "own:ori_prob": 0.012919178001611261,
    "rm_own:ave_delta": -0.0013689032885799007,
    "rm_own:ave_delta_ratio": -0.10595900825959462,
    "eh_own:ave_delta": 0.001946916815101328,
    "eh_own:ave_delta_ratio": 0.15069974381175885,
    "oth:ori_prob": 0.012899052882056741,
    "rm_oth:ave_delta": 3.3803380452000614e-05,
    "rm_oth:ave_delta_ratio": 0.002620609494439928,
    "eh_oth:ave_delta": -3.446301897235238e-05,
    "eh_oth:ave_delta_ratio": -0.0026717480180496233,
    "time": 134.05795380000004
  },
  "kn_bag-BR04": {
    "own:ori_prob": 0.010133991195359966,
    "rm_own:ave_delta": -0.00030817340088753055,
    "rm_own:ave_delta_ratio": -0.030409874544654568,
    "eh_own:ave_delta": 0.000410771656032623,
    "eh_own:ave_delta_ratio": 0.04053404508785269,
    "oth:ori_prob": 0.013970380183417183,
    "rm_oth:ave_delta": -0.0001295456213930866,
    "rm_oth:ave_delta_ratio": -0.009272877308439825,
    "eh_oth:ave_delta": 0.00013274218065824215,
    "eh_oth:ave_delta_ratio": 0.009501687063306043,
    "time": 165.28626410000004
  },
  "kn_bag-BR05": {
    "own:ori_prob": 0.019461486402943394,
    "rm_own:ave_delta": -0.0005045625396082372,
    "rm_own:ave_delta_ratio": -0.025926207750088717,
    "eh_own:ave_delta": 0.0006467737199881469,
    "eh_own:ave_delta_ratio": 0.03323352115028211,
    "oth:ori_prob": 0.010524435423008719,
    "rm_oth:ave_delta": -0.000285017953641745,
    "rm_oth:ave_delta_ratio": -0.027081543302421084,
    "eh_oth:ave_delta": 0.0003206009529743632,
    "eh_oth:ave_delta_ratio": 0.03046253220134349,
    "time": 65.09312829999999
  },
  "kn_bag-BR06": {
    "own:ori_prob": 0.0038013020781128156,
    "rm_own:ave_delta": -0.00012628494090893337,
    "rm_own:ave_delta_ratio": -0.0332214957701095,
    "eh_own:ave_delta": 0.00013349345872961098,
    "eh_own:ave_delta_ratio": 0.035117824362931135,
    "oth:ori_prob": 0.013230419690602839,
    "rm_oth:ave_delta": -0.00043970351471536164,
    "rm_oth:ave_delta_ratio": -0.03323428318964587,
    "eh_oth:ave_delta": 0.0004679969847550167,
    "eh_oth:ave_delta_ratio": 0.03537279963139949,
    "time": 472.7153522
  },
  "kn_bag-BR07": {
    "own:ori_prob": 0.007874620612543341,
    "rm_own:ave_delta": -0.0007758669280977682,
    "rm_own:ave_delta_ratio": -0.09852753120091953,
    "eh_own:ave_delta": 0.0009446660342434029,
    "eh_own:ave_delta_ratio": 0.11996337102750847,
    "oth:ori_prob": 0.01291410319315894,
    "rm_oth:ave_delta": -5.509568525917923e-05,
    "rm_oth:ave_delta_ratio": -0.00426631911137007,
    "eh_oth:ave_delta": 6.255046887352841e-05,
    "eh_oth:ave_delta_ratio": 0.00484357821351959,
    "time": 121.06732079999995
  },
  "kn_bag-BR08": {
    "own:ori_prob": 0.01229052443006282,
    "rm_own:ave_delta": -0.0005368598862176236,
    "rm_own:ave_delta_ratio": -0.04368079566275103,
    "eh_own:ave_delta": 0.0005560230181876919,
    "eh_own:ave_delta_ratio": 0.04523997501910095,
    "oth:ori_prob": 0.014528197916475177,
    "rm_oth:ave_delta": -0.0003262789920920174,
    "rm_oth:ave_delta_ratio": -0.022458325111472534,
    "eh_oth:ave_delta": 0.00022846744965249673,
    "eh_oth:ave_delta_ratio": 0.01572579413950656,
    "time": 50.787826500000165
  },
  "kn_bag-BR09": {
    "own:ori_prob": 0.02173556113358919,
    "rm_own:ave_delta": -0.00017060313042007407,
    "rm_own:ave_delta_ratio": -0.007849032715167929,
    "eh_own:ave_delta": 0.0002194573210990861,
    "eh_own:ave_delta_ratio": 0.010096694525173602,
    "oth:ori_prob": 0.010693078050290428,
    "rm_oth:ave_delta": -2.186105842039313e-05,
    "rm_oth:ave_delta_ratio": -0.0020444121250755647,
    "eh_oth:ave_delta": 3.0261035432050625e-05,
    "eh_oth:ave_delta_ratio": 0.0028299648884755613,
    "time": 147.73435369999993
  }
}