{
  "kn_bag-BR01": {
    "own:ori_prob": 3.316707985994491e-05,
    "rm_own:ave_delta": -8.802008801598486e-06,
    "rm_own:ave_delta_ratio": -0.2653838938720819,
    "eh_own:ave_delta": 1.253661012408604e-05,
    "eh_own:ave_delta_ratio": 0.3779835359948647,
    "oth:ori_prob": 2.4793447408998103e-05,
    "rm_oth:ave_delta": -4.629111477138045e-06,
    "rm_oth:ave_delta_ratio": -0.18670705210030758,
    "eh_oth:ave_delta": 6.186429479140106e-06,
    "eh_oth:ave_delta_ratio": 0.24951872876278233,
    "time": 85.72332129999995
  },
  "kn_bag-BR02": {
    "own:ori_prob": 4.3950268901400906e-05,
    "rm_own:ave_delta": -1.3709743820097882e-05,
    "rm_own:ave_delta_ratio": -0.31193765505404875,
    "eh_own:ave_delta": 2.0086623352047657e-05,
    "eh_own:ave_delta_ratio": 0.45703072709544673,
    "oth:ori_prob": 2.2448589342300492e-05,
    "rm_oth:ave_delta": -4.055679884547519e-06,
    "rm_oth:ave_delta_ratio": -0.18066524460426964,
    "eh_oth:ave_delta": 5.538468130528902e-06,
    "eh_oth:ave_delta_ratio": 0.24671786926462302,
    "time": 57.98446599999443
  },
  "kn_bag-BR03": {
    "own:ori_prob": 1.9876098072893232e-05,
    "rm_own:ave_delta": -3.5873492268872878e-06,
    "rm_own:ave_delta_ratio": -0.1804855869462462,
    "eh_own:ave_delta": 5.1168570869400936e-06,
    "eh_own:ave_delta_ratio": 0.2574377057395585,
    "oth:ori_prob": 3.18826091551113e-05,
    "rm_oth:ave_delta": -1.98181005988646e-06,
    "rm_oth:ave_delta_ratio": -0.06215959460045459,
    "eh_oth:ave_delta": 2.1520508016523634e-06,
    "eh_oth:ave_delta_ratio": 0.06749920595213754,
    "time": 142.5720713999981
  },
  "kn_bag-BR04": {
    "own:ori_prob": 2.8831768622931502e-05,
    "rm_own:ave_delta": -9.598082410069502e-06,
    "rm_own:ave_delta_ratio": -0.33289953646602227,
    "eh_own:ave_delta": 1.7716082039716716e-05,
    "eh_own:ave_delta_ratio": 0.6144639363409061,
    "oth:ori_prob": 2.8919184512101455e-05,
    "rm_oth:ave_delta": -6.3532005661783396e-06,
    "rm_oth:ave_delta_ratio": -0.21968809540669426,
    "eh_oth:ave_delta": 1.0842486670439722e-05,
    "eh_oth:ave_delta_ratio": 0.3749236658420503,
    "time": 175.32458770000085
  },
  "kn_bag-BR05": {
    "own:ori_prob": 3.353558719470584e-05,
    "rm_own:ave_delta": -1.159547274335182e-05,
    "rm_own:ave_delta_ratio": -0.34576620579294226,
    "eh_own:ave_delta": 2.2486804251798274e-05,
    "eh_own:ave_delta_ratio": 0.670535575275336,
    "oth:ori_prob": 2.7030399711520658e-05,
    "rm_oth:ave_delta": -6.021682343600787e-06,
    "rm_oth:ave_delta_ratio": -0.22277444684009903,
    "eh_oth:ave_delta": 9.464291302833771e-06,
    "eh_oth:ave_delta_ratio": 0.35013508508348046,
    "time": 69.29649280000012
  },
  "kn_bag-BR06": {
    "own:ori_prob": 2.6630555130905655e-05,
    "rm_own:ave_delta": -1.0628536839731435e-05,
    "rm_own:ave_delta_ratio": -0.3991106001165053,
    "eh_own:ave_delta": 2.1529111922216385e-05,
    "eh_own:ave_delta_ratio": 0.8084364676735982,
    "oth:ori_prob": 2.8677735224130397e-05,
    "rm_oth:ave_delta": -7.3881571205926445e-06,
    "rm_oth:ave_delta_ratio": -0.2576269382100998,
    "eh_oth:ave_delta": 1.2219343691418628e-05,
    "eh_oth:ave_delta_ratio": 0.4260916559804509,
    "time": 490.294406800007
  },
  "kn_bag-BR07": {
    "own:ori_prob": 2.201378440014665e-05,
    "rm_own:ave_delta": -6.801188109837414e-06,
    "rm_own:ave_delta_ratio": -0.30895133640865974,
    "eh_own:ave_delta": 1.2111955926892481e-05,
    "eh_own:ave_delta_ratio": 0.5501987167100535,
    "oth:ori_prob": 2.9260941486780482e-05,
    "rm_oth:ave_delta": -5.7960995359026805e-06,
    "rm_oth:ave_delta_ratio": -0.19808315253701744,
    "eh_oth:ave_delta": 8.96025785517332e-06,
    "eh_oth:ave_delta_ratio": 0.306219055159978,
    "time": 124.24836299999879
  },
  "kn_bag-BR08": {
    "own:ori_prob": 2.0951179138382242e-05,
    "rm_own:ave_delta": -7.871435837457214e-06,
    "rm_own:ave_delta_ratio": -0.3757037150733375,
    "eh_own:ave_delta": 1.4451073717903175e-05,
    "eh_own:ave_delta_ratio": 0.689749900110826,
    "oth:ori_prob": 2.9490589643658566e-05,
    "rm_oth:ave_delta": -7.90467240200052e-06,
    "rm_oth:ave_delta_ratio": -0.26804050029227816,
    "eh_oth:ave_delta": 1.2807286615445544e-05,
    "eh_oth:ave_delta_ratio": 0.4342838434293404,
    "time": 86.88425460000144
  },
  "kn_bag-BR09": {
    "own:ori_prob": 2.3932576251414364e-05,
    "rm_own:ave_delta": -7.398948981547043e-06,
    "rm_own:ave_delta_ratio": -0.30915806571846943,
    "eh_own:ave_delta": 1.1775031868209242e-05,
    "eh_own:ave_delta_ratio": 0.4920085386759548,
    "oth:ori_prob": 2.8355568659169502e-05,
    "rm_oth:ave_delta": -6.545730697408e-06,
    "rm_oth:ave_delta_ratio": -0.23084462794898913,
    "eh_oth:ave_delta": 9.331399670843764e-06,
    "eh_oth:ave_delta_ratio": 0.3290852595130804,
    "time": 152.2995418999999
  }
}